{"cameraMode":{"drawMode":0,"name":"Shaded","section":"Shading Mode"},"sceneLighting":false,"audioPlay":false,"sceneViewState":{"m_AlwaysRefresh":false,"showFog":false,"showSkybox":false,"showFlares":false,"showImageEffects":false,"showParticleSystems":false,"showVisualEffectGraphs":true,"m_FxEnabled":true},"in2DMode":false,"pivot":{"x":0.15070003271102906,"y":0.8469537496566773,"z":-0.23994654417037965},"rotation":{"x":0.09922241419553757,"y":0.8683677315711975,"z":-0.19327238202095033,"w":0.44580450654029848},"size":0.9230095148086548,"orthographic":false}