{"cameraMode":{"drawMode":0,"name":"Shaded","section":"Shading Mode"},"sceneLighting":false,"audioPlay":false,"sceneViewState":{"m_AlwaysRefresh":false,"showFog":false,"showSkybox":false,"showFlares":false,"showImageEffects":false,"showParticleSystems":false,"showVisualEffectGraphs":true,"m_FxEnabled":true},"in2DMode":false,"pivot":{"x":-0.8334910869598389,"y":1.2579149007797242,"z":0.6558322906494141},"rotation":{"x":0.03207952156662941,"y":0.9585802555084229,"z":-0.11996366828680039,"w":0.25633376836776736},"size":0.6069905161857605,"orthographic":false}