{"cameraMode":{"drawMode":0,"name":"Shaded","section":"Shading Mode"},"sceneLighting":false,"audioPlay":false,"sceneViewState":{"m_AlwaysRefresh":false,"showFog":true,"showSkybox":false,"showFlares":true,"showImageEffects":true,"showParticleSystems":true,"showVisualEffectGraphs":true,"m_FxEnabled":true},"in2DMode":false,"pivot":{"x":0.11455488204956055,"y":-0.03775990009307861,"z":-0.0876016914844513},"rotation":{"x":0.14401130378246308,"y":0.6765591502189636,"z":-0.1374250203371048,"w":0.7089834213256836},"size":1.692219853401184,"orthographic":false}