{"cameraMode":{"drawMode":0,"name":"Shaded","section":"Shading Mode"},"sceneLighting":true,"audioPlay":false,"sceneViewState":{"m_AlwaysRefresh":false,"showFog":true,"showSkybox":true,"showFlares":true,"showImageEffects":true,"showParticleSystems":true,"showVisualEffectGraphs":true,"m_FxEnabled":true},"in2DMode":false,"pivot":{"x":29.12497329711914,"y":13.853876113891602,"z":9.446441650390625},"rotation":{"x":-0.020457502454519273,"y":0.46431323885917666,"z":0.010728915221989155,"w":0.8853685855865479},"size":37.51325225830078,"orthographic":false}