{"cameraMode":{"drawMode":0,"name":"Shaded","section":"Shading Mode"},"sceneLighting":true,"audioPlay":false,"sceneViewState":{"m_AlwaysRefresh":false,"showFog":true,"showSkybox":true,"showFlares":true,"showImageEffects":true,"showParticleSystems":true,"showVisualEffectGraphs":true,"m_FxEnabled":true},"in2DMode":false,"pivot":{"x":24.740020751953126,"y":-5.996831893920898,"z":7.173239707946777},"rotation":{"x":0.22211946547031403,"y":-0.6831023693084717,"z":0.23123334348201753,"w":0.6561768054962158},"size":12.133559226989746,"orthographic":false}