{"cameraMode":{"drawMode":0,"name":"Shaded","section":"Shading Mode"},"sceneLighting":true,"audioPlay":false,"sceneViewState":{"m_AlwaysRefresh":false,"showFog":true,"showSkybox":true,"showFlares":true,"showImageEffects":true,"showParticleSystems":true,"showVisualEffectGraphs":true,"m_FxEnabled":true},"in2DMode":false,"pivot":{"x":-10.204736709594727,"y":0.2667950391769409,"z":16.3023681640625},"rotation":{"x":0.1688547432422638,"y":-0.15745745599269868,"z":0.027335193008184434,"w":0.9726037383079529},"size":2.8738770484924318,"orthographic":false}