{"cameraMode":{"drawMode":0,"name":"Shaded","section":"Shading Mode"},"sceneLighting":true,"audioPlay":false,"sceneViewState":{"m_AlwaysRefresh":false,"showFog":true,"showSkybox":true,"showFlares":true,"showImageEffects":true,"showParticleSystems":true,"showVisualEffectGraphs":true,"m_FxEnabled":true},"in2DMode":false,"pivot":{"x":1.4954007863998414,"y":1.7805942296981812,"z":-1.325549840927124},"rotation":{"x":-0.013375421985983849,"y":-0.9582456946372986,"z":0.04545290395617485,"w":-0.2819961607456207},"size":1.941605567932129,"orthographic":false}