{"cameraMode":{"drawMode":0,"name":"Shaded","section":"Shading Mode"},"sceneLighting":false,"audioPlay":false,"sceneViewState":{"m_AlwaysRefresh":false,"showFog":true,"showSkybox":false,"showFlares":true,"showImageEffects":true,"showParticleSystems":true,"showVisualEffectGraphs":true,"m_FxEnabled":true},"in2DMode":false,"pivot":{"x":0.3085477650165558,"y":0.5859671831130981,"z":0.23797237873077393},"rotation":{"x":0.021966950967907907,"y":-0.9553083777427673,"z":0.28549090027809145,"w":0.07350804656744003},"size":0.9979394674301148,"orthographic":false}